
{
    "resultCount": 2,
    "results": [
        {
          "wrapperType": "track",
          "kind": "song",
          "artistId": 3996865,
          "collectionId": 579372950,
          "trackId": 579373079,
          "artistName": "Metallica",
          "collectionName": "Metallica",
          "trackName": "Enter Sandman",
          "collectionCensoredName": "Metallica",
          "trackCensoredName": "Enter Sandman",
          "artistViewUrl": "https://music.apple.com/us/artist/metallica/3996865?uo=4",
          "collectionViewUrl": "https://music.apple.com/us/album/enter-sandman/579372950?i=579373079&uo=4",
          "trackViewUrl": "https://music.apple.com/us/album/enter-sandman/579372950?i=579373079&uo=4",
          "previewUrl": "https://audio-ssl.itunes.apple.com/itunes-assets/AudioPreview115/v4/40/64/66/40646668-82fe-e7f4-6e09-1194fb0ced89/mzaf_7480774833552227899.plus.aac.p.m4a",
          "artworkUrl30": "https://is4-ssl.mzstatic.com/image/thumb/Music125/v4/18/93/db/1893db5c-ddd1-b95c-3112-b9b83bcceab0/0093624986553.jpg/30x30bb.jpg",
          "artworkUrl60": "https://is4-ssl.mzstatic.com/image/thumb/Music125/v4/18/93/db/1893db5c-ddd1-b95c-3112-b9b83bcceab0/0093624986553.jpg/60x60bb.jpg",
          "artworkUrl100": "https://is4-ssl.mzstatic.com/image/thumb/Music125/v4/18/93/db/1893db5c-ddd1-b95c-3112-b9b83bcceab0/0093624986553.jpg/100x100bb.jpg",
          "collectionPrice": 9.99,
          "trackPrice": 1.29,
          "releaseDate": "1991-07-29T07:00:00Z",
          "collectionExplicitness": "notExplicit",
          "trackExplicitness": "notExplicit",
          "discCount": 1,
          "discNumber": 1,
          "trackCount": 12,
          "trackNumber": 1,
          "trackTimeMillis": 331560,
          "country": "USA",
          "currency": "USD",
          "primaryGenreName": "Metal",
          "isStreamable": true
        },
        {
            "wrapperType": "track",
            "kind": "song",
            "artistId": 3996865,
            "collectionId": 579372950,
            "trackId": 579373086,
            "artistName": "Metallica",
            "collectionName": "Metallica",
            "trackName": "Nothing Else Matters",
            "collectionCensoredName": "Metallica",
            "trackCensoredName": "Nothing Else Matters",
            "artistViewUrl": "https://music.apple.com/us/artist/metallica/3996865?uo=4",
            "collectionViewUrl": "https://music.apple.com/us/album/nothing-else-matters/579372950?i=579373086&uo=4",
            "trackViewUrl": "https://music.apple.com/us/album/nothing-else-matters/579372950?i=579373086&uo=4",
            "previewUrl": "https://audio-ssl.itunes.apple.com/itunes-assets/AudioPreview125/v4/08/51/1e/08511e77-f8c4-7aba-4069-437211d2a505/mzaf_10174248351614198239.plus.aac.p.m4a",
            "artworkUrl30": "https://is4-ssl.mzstatic.com/image/thumb/Music125/v4/18/93/db/1893db5c-ddd1-b95c-3112-b9b83bcceab0/0093624986553.jpg/30x30bb.jpg",
            "artworkUrl60": "https://is4-ssl.mzstatic.com/image/thumb/Music125/v4/18/93/db/1893db5c-ddd1-b95c-3112-b9b83bcceab0/0093624986553.jpg/60x60bb.jpg",
            "artworkUrl100": "https://is4-ssl.mzstatic.com/image/thumb/Music125/v4/18/93/db/1893db5c-ddd1-b95c-3112-b9b83bcceab0/0093624986553.jpg/100x100bb.jpg",
            "collectionPrice": 9.99,
            "trackPrice": 1.29,
            "releaseDate": "1991-08-12T07:00:00Z",
            "collectionExplicitness": "notExplicit",
            "trackExplicitness": "notExplicit",
            "discCount": 1,
            "discNumber": 1,
            "trackCount": 12,
            "trackNumber": 8,
            "trackTimeMillis": 388733,
            "country": "USA",
            "currency": "USD",
            "primaryGenreName": "Metal",
            "isStreamable": true,
        }
    ]
}
